observation_id,access,user_id,specie_id,specie_name,location_id,location_name,latitude,longitude,resource_id,resource_secondary_id,measurement_id,trait_id,trait_name,standard_id,standard_unit,methodology_id,methodology_name,value,value_type,precision,precision_type,precision_upper,replicates,notes
87642,1,1,4,Acanthastrea echinata,1,Global estimate,,,201,,90829,140,PaleoDB taxon id,41,id,,,149152,,"","","","",
87643,1,1,6,Acanthastrea hemprichi,1,Global estimate,,,201,,90830,140,PaleoDB taxon id,41,id,,,149155,,"","","","",
87647,1,1,17,Acropora abrotanoides,1,Global estimate,,,201,,90834,140,PaleoDB taxon id,41,id,,,108360,,"","","","",
87648,1,1,19,Acropora acuminata,1,Global estimate,,,201,,90835,140,PaleoDB taxon id,41,id,,,108366,,"","","","",
87649,1,1,24,Acropora aspera,1,Global estimate,,,201,,90836,140,PaleoDB taxon id,41,id,,,177160,,"","","","",
87650,1,1,25,Acropora austera,1,Global estimate,,,201,,90837,140,PaleoDB taxon id,41,id,,,58969,,"","","","",
87651,1,1,30,Acropora branchi,1,Global estimate,,,201,,90838,140,PaleoDB taxon id,41,id,,,108373,,"","","","",
87652,1,1,36,Acropora cerealis,1,Global estimate,,,201,,90839,140,PaleoDB taxon id,41,id,,,178320,,"","","","",
87653,1,1,37,Acropora cervicornis,1,Global estimate,,,201,,90840,140,PaleoDB taxon id,41,id,,,132524,,"","","","",
87654,1,1,39,Acropora clathrata,1,Global estimate,,,201,,90841,140,PaleoDB taxon id,41,id,,,178331,,"","","","",
87655,1,1,45,Acropora cylindrica,1,Global estimate,,,201,,90842,140,PaleoDB taxon id,41,id,,,108345,,"","","","",
87656,1,1,46,Acropora cytherea,1,Global estimate,,,201,,90843,140,PaleoDB taxon id,41,id,,,178337,,"","","","",
87657,1,1,50,Acropora digitifera,1,Global estimate,,,201,,90844,140,PaleoDB taxon id,41,id,,,169673,,"","","","",
87658,1,1,51,Acropora divaricata,1,Global estimate,,,201,,90845,140,PaleoDB taxon id,41,id,,,108371,,"","","","",
87659,1,1,52,Acropora donei,1,Global estimate,,,201,,90846,140,PaleoDB taxon id,41,id,,,108365,,"","","","",
87661,1,1,65,Acropora florida,1,Global estimate,,,201,,90848,140,PaleoDB taxon id,41,id,,,178317,,"","","","",
87662,1,1,68,Acropora gemmifera,1,Global estimate,,,201,,90849,140,PaleoDB taxon id,41,id,,,58972,,"","","","",
87663,1,1,69,Acropora glauca,1,Global estimate,,,201,,90850,140,PaleoDB taxon id,41,id,,,108372,,"","","","",
87664,1,1,70,Acropora globiceps,1,Global estimate,,,201,,90851,140,PaleoDB taxon id,41,id,,,178345,,"","","","",
87665,1,1,72,Acropora grandis,1,Global estimate,,,201,,90852,140,PaleoDB taxon id,41,id,,,108352,,"","","","",
87666,1,1,76,Acropora hemprichii,1,Global estimate,,,201,,90853,140,PaleoDB taxon id,41,id,,,108346,,"","","","",
87667,1,1,77,Acropora hoeksemai,1,Global estimate,,,201,,90854,140,PaleoDB taxon id,41,id,,,108363,,"","","","",
87668,1,1,78,Acropora horrida,1,Global estimate,,,201,,90855,140,PaleoDB taxon id,41,id,,,83576,,"","","","",
87669,1,1,79,Acropora humilis,1,Global estimate,,,201,,90856,140,PaleoDB taxon id,41,id,,,58973,,"","","","",
87670,1,1,80,Acropora hyacinthus,1,Global estimate,,,201,,90857,140,PaleoDB taxon id,41,id,,,178340,,"","","","",
87671,1,1,82,Acropora indonesia,1,Global estimate,,,201,,90858,140,PaleoDB taxon id,41,id,,,108362,,"","","","",
87686,1,1,119,Acropora intermedia,1,Global estimate,,,201,,90873,140,PaleoDB taxon id,41,id,,,108361,,"","","","",
87672,1,1,85,Acropora irregularis,1,Global estimate,,,201,,90859,140,PaleoDB taxon id,41,id,,,108357,,"","","","",
87673,1,1,91,Acropora kosurini,1,Global estimate,,,201,,90860,140,PaleoDB taxon id,41,id,,,108367,,"","","","",
87674,1,1,92,Acropora lamarcki,1,Global estimate,,,201,,90861,140,PaleoDB taxon id,41,id,,,177153,,"","","","",
87675,1,1,93,Acropora latistella,1,Global estimate,,,201,,90862,140,PaleoDB taxon id,41,id,,,178980,,"","","","",
87676,1,1,95,Acropora listeri,1,Global estimate,,,201,,90863,140,PaleoDB taxon id,41,id,,,178982,,"","","","",
87677,1,1,98,Acropora longicyathus,1,Global estimate,,,201,,90864,140,PaleoDB taxon id,41,id,,,177166,,"","","","",
87678,1,1,100,Acropora loveli,1,Global estimate,,,201,,90865,140,PaleoDB taxon id,41,id,,,178315,,"","","","",
87679,1,1,101,Acropora lutkeni,1,Global estimate,,,201,,90866,140,PaleoDB taxon id,41,id,,,178322,,"","","","",
87680,1,1,108,Acropora microphthalma,1,Global estimate,,,201,,90867,140,PaleoDB taxon id,41,id,,,178325,,"","","","",
87681,1,1,109,Acropora millepora,1,Global estimate,,,201,,90868,140,PaleoDB taxon id,41,id,,,178976,,"","","","",
87682,1,1,110,Acropora minuta,1,Global estimate,,,201,,90869,140,PaleoDB taxon id,41,id,,,108354,,"","","","",
87683,1,1,112,Acropora monticulosa,1,Global estimate,,,201,,90870,140,PaleoDB taxon id,41,id,,,169674,,"","","","",
87684,1,1,116,Acropora nasuta,1,Global estimate,,,201,,90871,140,PaleoDB taxon id,41,id,,,178966,,"","","","",
87685,1,1,117,Acropora natalensis,1,Global estimate,,,201,,90872,140,PaleoDB taxon id,41,id,,,108370,,"","","","",
87687,1,1,121,Acropora orbicularis,1,Global estimate,,,201,,90874,140,PaleoDB taxon id,41,id,,,108374,,"","","","",
87688,1,1,124,Acropora palmata,1,Global estimate,,,201,,90875,140,PaleoDB taxon id,41,id,,,98728,,"","","","",
87689,1,1,125,Acropora palmerae,1,Global estimate,,,201,,90876,140,PaleoDB taxon id,41,id,,,108355,,"","","","",
87690,1,1,133,Acropora pharaonis,1,Global estimate,,,201,,90877,140,PaleoDB taxon id,41,id,,,150313,,"","","","",
87691,1,1,135,Acropora pinguis,1,Global estimate,,,201,,90878,140,PaleoDB taxon id,41,id,,,108356,,"","","","",
87692,1,1,140,Acropora polystoma,1,Global estimate,,,201,,90879,140,PaleoDB taxon id,41,id,,,176317,,"","","","",
87693,1,1,145,Acropora pulchra,1,Global estimate,,,201,,90880,140,PaleoDB taxon id,41,id,,,150309,,"","","","",
87694,1,1,149,Acropora robusta,1,Global estimate,,,201,,90881,140,PaleoDB taxon id,41,id,,,108358,,"","","","",
87695,1,1,152,Acropora roseni,1,Global estimate,,,201,,90882,140,PaleoDB taxon id,41,id,,,108359,,"","","","",
87696,1,1,153,Acropora rudis,1,Global estimate,,,201,,90883,140,PaleoDB taxon id,41,id,,,108350,,"","","","",
87697,1,1,156,Acropora samoensis,1,Global estimate,,,201,,90884,140,PaleoDB taxon id,41,id,,,58975,,"","","","",
87698,1,1,159,Acropora schmitti,1,Global estimate,,,201,,90885,140,PaleoDB taxon id,41,id,,,108347,,"","","","",
87699,1,1,160,Acropora secale,1,Global estimate,,,201,,90886,140,PaleoDB taxon id,41,id,,,178970,,"","","","",
87700,1,1,162,Acropora selago,1,Global estimate,,,201,,90887,140,PaleoDB taxon id,41,id,,,185655,,"","","","",
87701,1,1,165,Acropora solitaryensis,1,Global estimate,,,201,,90888,140,PaleoDB taxon id,41,id,,,108369,,"","","","",
87702,1,1,169,Acropora spicifera,1,Global estimate,,,201,,90889,140,PaleoDB taxon id,41,id,,,178343,,"","","","",
87703,1,1,170,Acropora squarrosa,1,Global estimate,,,201,,90890,140,PaleoDB taxon id,41,id,,,118392,,"","","","",
87704,1,1,171,Acropora stoddarti,1,Global estimate,,,201,,90891,140,PaleoDB taxon id,41,id,,,108368,,"","","","",
87705,1,1,180,Acropora tenuis,1,Global estimate,,,201,,90892,140,PaleoDB taxon id,41,id,,,178974,,"","","","",
87706,1,1,181,Acropora teres,1,Global estimate,,,201,,90893,140,PaleoDB taxon id,41,id,,,108353,,"","","","",
87707,1,1,187,Acropora tumida,1,Global estimate,,,201,,90894,140,PaleoDB taxon id,41,id,,,170155,,"","","","",
87708,1,1,190,Acropora valenciennesi,1,Global estimate,,,201,,90895,140,PaleoDB taxon id,41,id,,,108364,,"","","","",
87709,1,1,191,Acropora valida,1,Global estimate,,,201,,90896,140,PaleoDB taxon id,41,id,,,178968,,"","","","",
87710,1,1,193,Acropora variolosa,1,Global estimate,,,201,,90897,140,PaleoDB taxon id,41,id,,,108348,,"","","","",
87711,1,1,194,Acropora vaughani,1,Global estimate,,,201,,90898,140,PaleoDB taxon id,41,id,,,178983,,"","","","",
87712,1,1,200,Acropora yongei,1,Global estimate,,,201,,90899,140,PaleoDB taxon id,41,id,,,83575,,"","","","",
87713,1,1,201,Agaricia agaricites,1,Global estimate,,,201,,90900,140,PaleoDB taxon id,41,id,,,138011,,"","","","",
87714,1,1,202,Agaricia fragilis,1,Global estimate,,,201,,90901,140,PaleoDB taxon id,41,id,,,138042,,"","","","",
87715,1,1,203,Agaricia grahamae,1,Global estimate,,,201,,90902,140,PaleoDB taxon id,41,id,,,151310,,"","","","",
87716,1,1,205,Agaricia lamarcki,1,Global estimate,,,201,,90903,140,PaleoDB taxon id,41,id,,,151311,,"","","","",
87717,1,1,207,Agaricia undata,1,Global estimate,,,201,,90904,140,PaleoDB taxon id,41,id,,,151363,,"","","","",
87718,1,1,208,Alatotrochus rubescens,1,Global estimate,,,201,,90905,140,PaleoDB taxon id,41,id,,,212656,,"","","","",
87719,1,1,209,Alveopora allingi,1,Global estimate,,,201,,90906,140,PaleoDB taxon id,41,id,,,178911,,"","","","",
87720,1,1,211,Alveopora daedalea,1,Global estimate,,,201,,90907,140,PaleoDB taxon id,41,id,,,177173,,"","","","",
87721,1,1,213,Alveopora fenestrata,1,Global estimate,,,201,,90908,140,PaleoDB taxon id,41,id,,,178913,,"","","","",
87722,1,1,215,Alveopora japonica,1,Global estimate,,,201,,90909,140,PaleoDB taxon id,41,id,,,170158,,"","","","",
87723,1,1,219,Alveopora spongiosa,1,Global estimate,,,201,,90910,140,PaleoDB taxon id,41,id,,,178915,,"","","","",
87724,1,1,221,Alveopora verrilliana,1,Global estimate,,,201,,90911,140,PaleoDB taxon id,41,id,,,178914,,"","","","",
87725,1,1,223,Anacropora forbesi,1,Global estimate,,,201,,90912,140,PaleoDB taxon id,41,id,,,108333,,"","","","",
87726,1,1,224,Anacropora matthai,1,Global estimate,,,201,,90913,140,PaleoDB taxon id,41,id,,,108338,,"","","","",
87727,1,1,225,Anacropora pillai,1,Global estimate,,,201,,90914,140,PaleoDB taxon id,41,id,,,108339,,"","","","",
87728,1,1,226,Anacropora puertogalerae,1,Global estimate,,,201,,90915,140,PaleoDB taxon id,41,id,,,108334,,"","","","",
87729,1,1,227,Anacropora reticulata,1,Global estimate,,,201,,90916,140,PaleoDB taxon id,41,id,,,108336,,"","","","",
87730,1,1,228,Anacropora spinosa,1,Global estimate,,,201,,90917,140,PaleoDB taxon id,41,id,,,108337,,"","","","",
87731,1,1,229,Anacropora spumosa,1,Global estimate,,,201,,90918,140,PaleoDB taxon id,41,id,,,108335,,"","","","",
87732,1,1,233,Anthemiphyllia dentata,1,Global estimate,,,201,,90919,140,PaleoDB taxon id,41,id,,,157699,,"","","","",
87944,1,1,974,Astrea annuligera,1,Global estimate,,,201,,91131,140,PaleoDB taxon id,41,id,,,174673,,"","","","",
87947,1,1,977,Astrea curta,1,Global estimate,,,201,,91134,140,PaleoDB taxon id,41,id,,,83602,,"","","","",
87734,1,1,263,Astreopora expansa,1,Global estimate,,,201,,90921,140,PaleoDB taxon id,41,id,,,160129,,"","","","",
87735,1,1,265,Astreopora gracilis,1,Global estimate,,,201,,90922,140,PaleoDB taxon id,41,id,,,149190,,"","","","",
87736,1,1,268,Astreopora listeri,1,Global estimate,,,201,,90923,140,PaleoDB taxon id,41,id,,,177176,,"","","","",
87737,1,1,271,Astreopora myriophthalma,1,Global estimate,,,201,,90924,140,PaleoDB taxon id,41,id,,,149192,,"","","","",
87739,1,1,298,Balanophyllia cumingii,1,Global estimate,,,201,,90926,140,PaleoDB taxon id,41,id,,,157759,,"","","","",
87740,1,1,307,Balanophyllia elegans,1,Global estimate,,,201,,90927,140,PaleoDB taxon id,41,id,,,212324,,"","","","",
87741,1,1,309,Balanophyllia elongata,1,Global estimate,,,201,,90928,140,PaleoDB taxon id,41,id,,,144552,,"","","","",
87742,1,1,316,Balanophyllia gigas,1,Global estimate,,,201,,90929,140,PaleoDB taxon id,41,id,,,134358,,"","","","",
87743,1,1,318,Balanophyllia imperialis,1,Global estimate,,,201,,90930,140,PaleoDB taxon id,41,id,,,157760,,"","","","",
87744,1,1,326,Balanophyllia pittieri,1,Global estimate,,,201,,90931,140,PaleoDB taxon id,41,id,,,222201,,"","","","",
87745,1,1,327,Balanophyllia ponderosa,1,Global estimate,,,201,,90932,140,PaleoDB taxon id,41,id,,,141420,,"","","","",
87884,1,1,828,Bernardpora stutchburyi,1,Global estimate,,,201,,91071,140,PaleoDB taxon id,41,id,,,178910,,"","","","",
87747,1,1,349,Blastomussa merleti,1,Global estimate,,,201,,90934,140,PaleoDB taxon id,41,id,,,178836,,"","","","",
88045,1,1,1146,Blastomussa omanensis,1,Global estimate,,,201,,91232,140,PaleoDB taxon id,41,id,,,223779,,"","","","",
87748,1,1,366,Caryophyllia arnoldi,1,Global estimate,,,201,,90935,140,PaleoDB taxon id,41,id,,,212329,,"","","","",
87749,1,1,371,Caryophyllia calveri,1,Global estimate,,,201,,90936,140,PaleoDB taxon id,41,id,,,219139,,"","","","",
87750,1,1,390,Caryophyllia japonica,1,Global estimate,,,201,,90937,140,PaleoDB taxon id,41,id,,,146597,,"","","","",
87751,1,1,393,Caryophyllia lamellifera,1,Global estimate,,,201,,90938,140,PaleoDB taxon id,41,id,,,146401,,"","","","",
87752,1,1,409,Caryophyllia sarsiae,1,Global estimate,,,201,,90939,140,PaleoDB taxon id,41,id,,,219140,,"","","","",
87753,1,1,411,Caryophyllia scobinosa,1,Global estimate,,,201,,90940,140,PaleoDB taxon id,41,id,,,134363,,"","","","",
87754,1,1,426,Catalaphyllia jardinei,1,Global estimate,,,201,,90941,140,PaleoDB taxon id,41,id,,,177181,,"","","","",
87755,1,1,430,Caulastraea furcata,1,Global estimate,,,201,,90942,140,PaleoDB taxon id,41,id,,,149016,,"","","","",
87756,1,1,431,Caulastraea tumida,1,Global estimate,,,201,,90943,140,PaleoDB taxon id,41,id,,,149017,,"","","","",
87757,1,1,433,Ceratotrochus magnaghii,1,Global estimate,,,201,,90944,140,PaleoDB taxon id,41,id,,,219146,,"","","","",
87758,1,1,435,Cladocora arbuscula,1,Global estimate,,,201,,90945,140,PaleoDB taxon id,41,id,,,138007,,"","","","",
87759,1,1,436,Cladocora caespitosa,1,Global estimate,,,201,,90946,140,PaleoDB taxon id,41,id,,,155831,,"","","","",
87864,1,1,794,Coelastrea aspera,1,Global estimate,,,201,,91051,140,PaleoDB taxon id,41,id,,,177435,,"","","","",
87760,1,1,445,Coeloseris mayeri,1,Global estimate,,,201,,90947,140,PaleoDB taxon id,41,id,,,148942,,"","","","",
87761,1,1,457,Colpophyllia breviserialis,1,Global estimate,,,201,,90948,140,PaleoDB taxon id,41,id,,,151364,,"","","","",
87762,1,1,458,Colpophyllia natans,1,Global estimate,,,201,,90949,140,PaleoDB taxon id,41,id,,,138028,,"","","","",
87763,1,1,463,Conocyathus zelandiae,1,Global estimate,,,201,,90950,140,PaleoDB taxon id,41,id,,,146628,,"","","","",
87764,1,1,467,Coscinaraea columna,1,Global estimate,,,201,,90951,140,PaleoDB taxon id,41,id,,,148797,,"","","","",
87765,1,1,469,Coscinaraea exesa,1,Global estimate,,,201,,90952,140,PaleoDB taxon id,41,id,,,178445,,"","","","",
87766,1,1,473,Coscinaraea monile,1,Global estimate,,,201,,90953,140,PaleoDB taxon id,41,id,,,178443,,"","","","",
87767,1,1,492,Ctenactis echinata,1,Global estimate,,,201,,90954,140,PaleoDB taxon id,41,id,,,178818,,"","","","",
87768,1,1,493,Ctenella chagius,1,Global estimate,,,201,,90955,140,PaleoDB taxon id,41,id,,,223782,,"","","","",
87769,1,1,511,Cyathotrochus pileus,1,Global estimate,,,201,,90956,140,PaleoDB taxon id,41,id,,,157746,,"","","","",
87770,1,1,733,Cycloseris costulata,1,Global estimate,,,201,,90957,140,PaleoDB taxon id,41,id,,,177346,,"","","","",
87771,1,1,735,Cycloseris cyclolites,1,Global estimate,,,201,,90958,140,PaleoDB taxon id,41,id,,,141454,,"","","","",
87791,1,1,737,Cycloseris distorta,1,Global estimate,,,201,,90978,140,PaleoDB taxon id,41,id,,,134365,,"","","","",
88107,1,1,1339,Cycloseris explanulata,1,Global estimate,,,201,,91294,140,PaleoDB taxon id,41,id,,,178441,,"","","","",
87773,1,1,514,Cycloseris fragilis,1,Global estimate,,,201,,90960,140,PaleoDB taxon id,41,id,,,177448,,"","","","",
87792,1,1,514,Cycloseris fragilis,1,Global estimate,,,201,,90979,140,PaleoDB taxon id,41,id,,,178814,,"","","","",
87921,1,1,922,Cycloseris mokai,1,Global estimate,,,201,,91108,140,PaleoDB taxon id,41,id,,,178820,,"","","","",
87774,1,1,754,Cycloseris sinensis,1,Global estimate,,,201,,90961,140,PaleoDB taxon id,41,id,,,178809,,"","","","",
87775,1,1,755,Cycloseris somervillei,1,Global estimate,,,201,,90962,140,PaleoDB taxon id,41,id,,,178811,,"","","","",
87772,1,1,513,Cycloseris tenuis,1,Global estimate,,,201,,90959,140,PaleoDB taxon id,41,id,,,205171,,"","","","",
87776,1,1,759,Cycloseris vaughani,1,Global estimate,,,201,,90963,140,PaleoDB taxon id,41,id,,,178813,,"","","","",
87777,1,1,515,Cynarina lacrymalis,1,Global estimate,,,201,,90964,140,PaleoDB taxon id,41,id,,,178871,,"","","","",
87646,1,1,515,Cynarina lacrymalis,1,Global estimate,,,201,,90833,140,PaleoDB taxon id,41,id,,,157703,,"","","","",
87778,1,1,517,Cyphastrea chalcidicum,1,Global estimate,,,201,,90965,140,PaleoDB taxon id,41,id,,,149025,,"","","","",
87779,1,1,520,Cyphastrea japonica,1,Global estimate,,,201,,90966,140,PaleoDB taxon id,41,id,,,149026,,"","","","",
87780,1,1,521,Cyphastrea microphthalma,1,Global estimate,,,201,,90967,140,PaleoDB taxon id,41,id,,,149022,,"","","","",
87781,1,1,522,Cyphastrea ocellina,1,Global estimate,,,201,,90968,140,PaleoDB taxon id,41,id,,,178314,,"","","","",
87782,1,1,523,Cyphastrea serailia,1,Global estimate,,,201,,90969,140,PaleoDB taxon id,41,id,,,83604,,"","","","",
87847,1,1,745,Danafungia horrida,1,Global estimate,,,201,,91034,140,PaleoDB taxon id,41,id,,,174678,,"","","","",
87846,1,1,745,Danafungia horrida,1,Global estimate,,,201,,91033,140,PaleoDB taxon id,41,id,,,177343,,"","","","",
87852,1,1,732,Danafungia scruposa,1,Global estimate,,,201,,91039,140,PaleoDB taxon id,41,id,,,177430,,"","","","",
87842,1,1,732,Danafungia scruposa,1,Global estimate,,,201,,91029,140,PaleoDB taxon id,41,id,,,143940,,"","","","",
87783,1,1,538,Deltocyathus heteroclitus,1,Global estimate,,,201,,90970,140,PaleoDB taxon id,41,id,,,150990,,"","","","",
87784,1,1,539,Deltocyathus italicus,1,Global estimate,,,201,,90971,140,PaleoDB taxon id,41,id,,,150634,,"","","","",
87785,1,1,552,Deltocyathus taiwanicus,1,Global estimate,,,201,,90972,140,PaleoDB taxon id,41,id,,,147157,,"","","","",
87786,1,1,555,Dendrogyra cylindrus,1,Global estimate,,,201,,90973,140,PaleoDB taxon id,41,id,,,138035,,"","","","",
87787,1,1,560,Dendrophyllia boschmai,1,Global estimate,,,201,,90974,140,PaleoDB taxon id,41,id,,,146630,,"","","","",
87788,1,1,566,Dendrophyllia cornigera,1,Global estimate,,,201,,90975,140,PaleoDB taxon id,41,id,,,219136,,"","","","",
87789,1,1,582,Desmophyllum dianthus,1,Global estimate,,,201,,90976,140,PaleoDB taxon id,41,id,,,219138,,"","","","",
87790,1,1,583,Desmophyllum striatum,1,Global estimate,,,201,,90977,140,PaleoDB taxon id,41,id,,,214358,,"","","","",
87793,1,1,584,Dichocoenia stellaris,1,Global estimate,,,201,,90980,140,PaleoDB taxon id,41,id,,,151365,,"","","","",
87794,1,1,585,Dichocoenia stokesi,1,Global estimate,,,201,,90981,140,PaleoDB taxon id,41,id,,,138032,,"","","","",
87795,1,1,587,Diploastrea heliopora,1,Global estimate,,,201,,90982,140,PaleoDB taxon id,41,id,,,119511,,"","","","",
87797,1,1,589,Diploria labyrinthiformis,1,Global estimate,,,201,,90984,140,PaleoDB taxon id,41,id,,,138046,,"","","","",
87746,1,1,342,Dipsastraea amicorum,1,Global estimate,,,201,,90933,140,PaleoDB taxon id,41,id,,,160116,,"","","","",
87814,1,1,647,Dipsastraea danai,1,Global estimate,,,201,,91001,140,PaleoDB taxon id,41,id,,,205168,,"","","","",
87815,1,1,648,Dipsastraea favus,1,Global estimate,,,201,,91002,140,PaleoDB taxon id,41,id,,,177327,,"","","","",
87817,1,1,651,Dipsastraea helianthoides,1,Global estimate,,,201,,91004,140,PaleoDB taxon id,41,id,,,205175,,"","","","",
87818,1,1,652,Dipsastraea lacuna,1,Global estimate,,,201,,91005,140,PaleoDB taxon id,41,id,,,205167,,"","","","",
87819,1,1,653,Dipsastraea laxa,1,Global estimate,,,201,,91006,140,PaleoDB taxon id,41,id,,,83590,,"","","","",
87820,1,1,655,Dipsastraea lizardensis,1,Global estimate,,,201,,91007,140,PaleoDB taxon id,41,id,,,178874,,"","","","",
87821,1,1,658,Dipsastraea matthaii,1,Global estimate,,,201,,91008,140,PaleoDB taxon id,41,id,,,150268,,"","","","",
87822,1,1,659,Dipsastraea maxima,1,Global estimate,,,201,,91009,140,PaleoDB taxon id,41,id,,,178875,,"","","","",
87823,1,1,660,Dipsastraea pallida,1,Global estimate,,,201,,91010,140,PaleoDB taxon id,41,id,,,83589,,"","","","",
87824,1,1,662,Dipsastraea rotumana,1,Global estimate,,,201,,91011,140,PaleoDB taxon id,41,id,,,149036,,"","","","",
87826,1,1,664,Dipsastraea speciosa,1,Global estimate,,,201,,91013,140,PaleoDB taxon id,41,id,,,149033,,"","","","",
87828,1,1,667,Dipsastraea veroni,1,Global estimate,,,201,,91015,140,PaleoDB taxon id,41,id,,,205163,,"","","","",
87799,1,1,591,Duncanopsammia axifuga,1,Global estimate,,,201,,90986,140,PaleoDB taxon id,41,id,,,178834,,"","","","",
88146,1,1,1546,Duncanopsammia peltata,1,Global estimate,,,201,,91333,140,PaleoDB taxon id,41,id,,,150180,,"","","","",
87800,1,1,593,Echinomorpha nishihirai,1,Global estimate,,,201,,90987,140,PaleoDB taxon id,41,id,,,177321,,"","","","",
87801,1,1,594,Echinophyllia aspera,1,Global estimate,,,201,,90988,140,PaleoDB taxon id,41,id,,,149164,,"","","","",
87802,1,1,596,Echinophyllia echinata,1,Global estimate,,,201,,90989,140,PaleoDB taxon id,41,id,,,178822,,"","","","",
87803,1,1,604,Echinopora forskaliana,1,Global estimate,,,201,,90990,140,PaleoDB taxon id,41,id,,,185617,,"","","","",
87804,1,1,606,Echinopora gemmacea,1,Global estimate,,,201,,90991,140,PaleoDB taxon id,41,id,,,177323,,"","","","",
87805,1,1,608,Echinopora hirsutissima,1,Global estimate,,,201,,90992,140,PaleoDB taxon id,41,id,,,178892,,"","","","",
87806,1,1,611,Echinopora lamellosa,1,Global estimate,,,201,,90993,140,PaleoDB taxon id,41,id,,,83605,,"","","","",
87807,1,1,612,Echinopora mammiformis,1,Global estimate,,,201,,90994,140,PaleoDB taxon id,41,id,,,178894,,"","","","",
87808,1,1,613,Echinopora pacificus,1,Global estimate,,,201,,90995,140,PaleoDB taxon id,41,id,,,178891,,"","","","",
87809,1,1,628,Endopachys grayi,1,Global estimate,,,201,,90996,140,PaleoDB taxon id,41,id,,,157757,,"","","","",
87810,1,1,635,Euphyllia ancora,1,Global estimate,,,201,,90997,140,PaleoDB taxon id,41,id,,,170166,,"","","","",
87811,1,1,638,Euphyllia fimbriata,1,Global estimate,,,201,,90998,140,PaleoDB taxon id,41,id,,,149013,,"","","","",
87812,1,1,639,Euphyllia glabrescens,1,Global estimate,,,201,,90999,140,PaleoDB taxon id,41,id,,,178415,,"","","","",
87813,1,1,644,Eusmilia fastigiata,1,Global estimate,,,201,,91000,140,PaleoDB taxon id,41,id,,,138039,,"","","","",
87816,1,1,649,Favia fragum,1,Global estimate,,,201,,91003,140,PaleoDB taxon id,41,id,,,138026,,"","","","",
87829,1,1,670,Favites abdita,1,Global estimate,,,201,,91016,140,PaleoDB taxon id,41,id,,,83592,,"","","","",
87830,1,1,671,Favites acuticollis,1,Global estimate,,,201,,91017,140,PaleoDB taxon id,41,id,,,178878,,"","","","",
87831,1,1,673,Favites chinensis,1,Global estimate,,,201,,91018,140,PaleoDB taxon id,41,id,,,83593,,"","","","",
87946,1,1,976,Favites colemani,1,Global estimate,,,201,,91133,140,PaleoDB taxon id,41,id,,,178886,,"","","","",
87832,1,1,674,Favites complanata,1,Global estimate,,,201,,91019,140,PaleoDB taxon id,41,id,,,149042,,"","","","",
87833,1,1,675,Favites flexuosa,1,Global estimate,,,201,,91020,140,PaleoDB taxon id,41,id,,,149044,,"","","","",
87834,1,1,676,Favites halicora,1,Global estimate,,,201,,91021,140,PaleoDB taxon id,41,id,,,178881,,"","","","",
87835,1,1,677,Favites micropentagonus,1,Global estimate,,,201,,91022,140,PaleoDB taxon id,41,id,,,178876,,"","","","",
87836,1,1,679,Favites pentagona,1,Global estimate,,,201,,91023,140,PaleoDB taxon id,41,id,,,149046,,"","","","",
87825,1,1,663,Favites rotundata,1,Global estimate,,,201,,91012,140,PaleoDB taxon id,41,id,,,177339,,"","","","",
87837,1,1,682,Favites spinosa,1,Global estimate,,,201,,91024,140,PaleoDB taxon id,41,id,,,223777,,"","","","",
87838,1,1,683,Favites stylifera,1,Global estimate,,,201,,91025,140,PaleoDB taxon id,41,id,,,177334,,"","","","",
87839,1,1,700,Flabellum deludens,1,Global estimate,,,201,,91026,140,PaleoDB taxon id,41,id,,,150992,,"","","","",
87840,1,1,719,Flabellum pavoninum,1,Global estimate,,,201,,91027,140,PaleoDB taxon id,41,id,,,146375,,"","","","",
87844,1,1,740,Fungia fungites,1,Global estimate,,,201,,91031,140,PaleoDB taxon id,41,id,,,149185,,"","","","",
87854,1,1,764,Fungiacyathus fragilis,1,Global estimate,,,201,,91041,140,PaleoDB taxon id,41,id,,,150987,,"","","","",
87855,1,1,777,Fungiacyathus stephanus,1,Global estimate,,,201,,91042,140,PaleoDB taxon id,41,id,,,134368,,"","","","",
87856,1,1,778,Fungiacyathus symmetricus,1,Global estimate,,,201,,91043,140,PaleoDB taxon id,41,id,,,157709,,"","","","",
87857,1,1,781,Galaxea acrhelia,1,Global estimate,,,201,,91044,140,PaleoDB taxon id,41,id,,,223785,,"","","","",
87858,1,1,782,Galaxea astreata,1,Global estimate,,,201,,91045,140,PaleoDB taxon id,41,id,,,177433,,"","","","",
87859,1,1,784,Galaxea fascicularis,1,Global estimate,,,201,,91046,140,PaleoDB taxon id,41,id,,,149031,,"","","","",
87860,1,1,785,Galaxea horrescens,1,Global estimate,,,201,,91047,140,PaleoDB taxon id,41,id,,,160126,,"","","","",
87861,1,1,787,Galaxea paucisepta,1,Global estimate,,,201,,91048,140,PaleoDB taxon id,41,id,,,223786,,"","","","",
87862,1,1,789,Gardineria minor,1,Global estimate,,,201,,91049,140,PaleoDB taxon id,41,id,,,151366,,"","","","",
87863,1,1,793,Gardineroseris planulata,1,Global estimate,,,201,,91050,140,PaleoDB taxon id,41,id,,,177552,,"","","","",
87868,1,1,798,Goniastrea edwardsi,1,Global estimate,,,201,,91055,140,PaleoDB taxon id,41,id,,,149051,,"","","","",
87866,1,1,798,Goniastrea edwardsi,1,Global estimate,,,201,,91053,140,PaleoDB taxon id,41,id,,,178882,,"","","","",
87867,1,1,799,Goniastrea favulus,1,Global estimate,,,201,,91054,140,PaleoDB taxon id,41,id,,,178885,,"","","","",
87869,1,1,802,Goniastrea pectinata,1,Global estimate,,,201,,91056,140,PaleoDB taxon id,41,id,,,83595,,"","","","",
87871,1,1,805,Goniastrea retiformis,1,Global estimate,,,201,,91058,140,PaleoDB taxon id,41,id,,,149049,,"","","","",
87827,1,1,665,Goniastrea stelligera,1,Global estimate,,,201,,91014,140,PaleoDB taxon id,41,id,,,83591,,"","","","",
87872,1,1,811,Goniopora ciliatus,1,Global estimate,,,201,,91059,140,PaleoDB taxon id,41,id,,,223765,,"","","","",
87873,1,1,812,Goniopora columna,1,Global estimate,,,201,,91060,140,PaleoDB taxon id,41,id,,,178903,,"","","","",
87874,1,1,813,Goniopora djiboutiensis,1,Global estimate,,,201,,91061,140,PaleoDB taxon id,41,id,,,223766,,"","","","",
87875,1,1,816,Goniopora lobata,1,Global estimate,,,201,,91062,140,PaleoDB taxon id,41,id,,,170157,,"","","","",
87876,1,1,817,Goniopora minor,1,Global estimate,,,201,,91063,140,PaleoDB taxon id,41,id,,,178908,,"","","","",
87877,1,1,818,Goniopora norfolkensis,1,Global estimate,,,201,,91064,140,PaleoDB taxon id,41,id,,,223767,,"","","","",
87878,1,1,819,Goniopora palmensis,1,Global estimate,,,201,,91065,140,PaleoDB taxon id,41,id,,,223768,,"","","","",
87879,1,1,823,Goniopora planulata,1,Global estimate,,,201,,91066,140,PaleoDB taxon id,41,id,,,174683,,"","","","",
87880,1,1,824,Goniopora polyformis,1,Global estimate,,,201,,91067,140,PaleoDB taxon id,41,id,,,178907,,"","","","",
87881,1,1,825,Goniopora savignyi,1,Global estimate,,,201,,91068,140,PaleoDB taxon id,41,id,,,178909,,"","","","",
87882,1,1,826,Goniopora somaliensis,1,Global estimate,,,201,,91069,140,PaleoDB taxon id,41,id,,,223769,,"","","","",
87883,1,1,827,Goniopora stokesi,1,Global estimate,,,201,,91070,140,PaleoDB taxon id,41,id,,,178902,,"","","","",
87885,1,1,830,Goniopora tenella,1,Global estimate,,,201,,91072,140,PaleoDB taxon id,41,id,,,178906,,"","","","",
87886,1,1,831,Goniopora tenuidens,1,Global estimate,,,201,,91073,140,PaleoDB taxon id,41,id,,,150329,,"","","","",
87887,1,1,832,Guynia annulata,1,Global estimate,,,201,,91074,140,PaleoDB taxon id,41,id,,,162252,,"","","","",
87888,1,1,833,Gyrosmilia interrupta,1,Global estimate,,,201,,91075,140,PaleoDB taxon id,41,id,,,185619,,"","","","",
87889,1,1,837,Heliofungia actiniformis,1,Global estimate,,,201,,91076,140,PaleoDB taxon id,41,id,,,177341,,"","","","",
87843,1,1,739,Heliofungia fralinae,1,Global estimate,,,201,,91030,140,PaleoDB taxon id,41,id,,,178815,,"","","","",
87891,1,1,1374,Herpolitha limax,1,Global estimate,,,201,,91078,140,PaleoDB taxon id,41,id,,,149189,,"","","","",
87890,1,1,1374,Herpolitha limax,1,Global estimate,,,201,,91077,140,PaleoDB taxon id,41,id,,,149187,,"","","","",
87892,1,1,841,Heterocyathus aequicostatus,1,Global estimate,,,201,,91079,140,PaleoDB taxon id,41,id,,,150989,,"","","","",
87893,1,1,846,Heteropsammia cochlea,1,Global estimate,,,201,,91080,140,PaleoDB taxon id,41,id,,,157780,,"","","","",
87894,1,1,849,Holcotrochus scriptus,1,Global estimate,,,201,,91081,140,PaleoDB taxon id,41,id,,,156929,,"","","","",
88116,1,1,1381,Homophyllia australis,1,Global estimate,,,201,,91303,140,PaleoDB taxon id,41,id,,,178869,,"","","","",
87644,1,1,7,Homophyllia hillae,1,Global estimate,,,201,,90831,140,PaleoDB taxon id,41,id,,,178837,,"","","","",
87895,1,1,853,Hydnophora exesa,1,Global estimate,,,201,,91082,140,PaleoDB taxon id,41,id,,,149069,,"","","","",
87896,1,1,854,Hydnophora grandis,1,Global estimate,,,201,,91083,140,PaleoDB taxon id,41,id,,,149070,,"","","","",
87897,1,1,855,Hydnophora microconos,1,Global estimate,,,201,,91084,140,PaleoDB taxon id,41,id,,,83601,,"","","","",
87898,1,1,856,Hydnophora pilosa,1,Global estimate,,,201,,91085,140,PaleoDB taxon id,41,id,,,178829,,"","","","",
87899,1,1,858,Idiotrochus emarciatus,1,Global estimate,,,201,,91086,140,PaleoDB taxon id,41,id,,,156925,,"","","","",
87900,1,1,861,Isophyllia rigida,1,Global estimate,,,201,,91087,140,PaleoDB taxon id,41,id,,,160125,,"","","","",
87901,1,1,862,Isophyllia sinuosa,1,Global estimate,,,201,,91088,140,PaleoDB taxon id,41,id,,,138019,,"","","","",
87660,1,1,58,Isopora elizabethensis,1,Global estimate,,,201,,90847,140,PaleoDB taxon id,41,id,,,108342,,"","","","",
87902,1,1,865,Javania cailleti,1,Global estimate,,,201,,91089,140,PaleoDB taxon id,41,id,,,219145,,"","","","",
87903,1,1,869,Javania insignis,1,Global estimate,,,201,,91090,140,PaleoDB taxon id,41,id,,,219152,,"","","","",
87904,1,1,879,Leptastrea bewickensis,1,Global estimate,,,201,,91091,140,PaleoDB taxon id,41,id,,,178889,,"","","","",
87905,1,1,880,Leptastrea bottae,1,Global estimate,,,201,,91092,140,PaleoDB taxon id,41,id,,,149029,,"","","","",
87906,1,1,882,Leptastrea pruinosa,1,Global estimate,,,201,,91093,140,PaleoDB taxon id,41,id,,,178890,,"","","","",
87907,1,1,883,Leptastrea purpurea,1,Global estimate,,,201,,91094,140,PaleoDB taxon id,41,id,,,83603,,"","","","",
87908,1,1,884,Leptastrea transversa,1,Global estimate,,,201,,91095,140,PaleoDB taxon id,41,id,,,146583,,"","","","",
87909,1,1,900,Leptoria phrygia,1,Global estimate,,,201,,91096,140,PaleoDB taxon id,41,id,,,83599,,"","","","",
87910,1,1,901,Leptoseris amitoriensis,1,Global estimate,,,201,,91097,140,PaleoDB taxon id,41,id,,,177456,,"","","","",
87911,1,1,903,Leptoseris cucullata,1,Global estimate,,,201,,91098,140,PaleoDB taxon id,41,id,,,177457,,"","","","",
87912,1,1,904,Leptoseris explanata,1,Global estimate,,,201,,91099,140,PaleoDB taxon id,41,id,,,149177,,"","","","",
87913,1,1,906,Leptoseris gardineri,1,Global estimate,,,201,,91100,140,PaleoDB taxon id,41,id,,,149169,,"","","","",
87914,1,1,907,Leptoseris hawaiiensis,1,Global estimate,,,201,,91101,140,PaleoDB taxon id,41,id,,,148948,,"","","","",
87915,1,1,909,Leptoseris mycetoseroides,1,Global estimate,,,201,,91102,140,PaleoDB taxon id,41,id,,,170159,,"","","","",
87916,1,1,910,Leptoseris papyracea,1,Global estimate,,,201,,91103,140,PaleoDB taxon id,41,id,,,178805,,"","","","",
87917,1,1,911,Leptoseris scabra,1,Global estimate,,,201,,91104,140,PaleoDB taxon id,41,id,,,150339,,"","","","",
87918,1,1,912,Leptoseris solida,1,Global estimate,,,201,,91105,140,PaleoDB taxon id,41,id,,,178808,,"","","","",
87919,1,1,916,Leptoseris yabei,1,Global estimate,,,201,,91106,140,PaleoDB taxon id,41,id,,,177554,,"","","","",
87920,1,1,918,Letepsammia formosissima,1,Global estimate,,,201,,91107,140,PaleoDB taxon id,41,id,,,157755,,"","","","",
87841,1,1,731,Lithophyllon concinna,1,Global estimate,,,201,,91028,140,PaleoDB taxon id,41,id,,,149183,,"","","","",
87850,1,1,749,Lithophyllon repanda,1,Global estimate,,,201,,91037,140,PaleoDB taxon id,41,id,,,149182,,"","","","",
87851,1,1,750,Lithophyllon scabra,1,Global estimate,,,201,,91038,140,PaleoDB taxon id,41,id,,,178816,,"","","","",
87922,1,1,921,Lithophyllon undulatum,1,Global estimate,,,201,,91109,140,PaleoDB taxon id,41,id,,,177657,,"","","","",
87853,1,1,752,Lobactis scutaria,1,Global estimate,,,201,,91040,140,PaleoDB taxon id,41,id,,,149179,,"","","","",
87923,1,1,925,Lobophyllia corymbosa,1,Global estimate,,,201,,91110,140,PaleoDB taxon id,41,id,,,149145,,"","","","",
87924,1,1,929,Lobophyllia flabelliformis,1,Global estimate,,,201,,91111,140,PaleoDB taxon id,41,id,,,178863,,"","","","",
87925,1,1,930,Lobophyllia hataii,1,Global estimate,,,201,,91112,140,PaleoDB taxon id,41,id,,,170163,,"","","","",
87926,1,1,931,Lobophyllia hemprichii,1,Global estimate,,,201,,91113,140,PaleoDB taxon id,41,id,,,149147,,"","","","",
87927,1,1,932,Lobophyllia pachysepta,1,Global estimate,,,201,,91114,140,PaleoDB taxon id,41,id,,,223784,,"","","","",
87928,1,1,933,Lobophyllia robusta,1,Global estimate,,,201,,91115,140,PaleoDB taxon id,41,id,,,170162,,"","","","",
87929,1,1,937,Lophelia pertusa,1,Global estimate,,,201,,91116,140,PaleoDB taxon id,41,id,,,219134,,"","","","",
87930,1,1,939,Madracis asperula,1,Global estimate,,,201,,91117,140,PaleoDB taxon id,41,id,,,177458,,"","","","",
87931,1,1,940,Madracis auretenra,1,Global estimate,,,201,,91118,140,PaleoDB taxon id,41,id,,,182869,,"","","","",
87932,1,1,943,Madracis decactis,1,Global estimate,,,201,,91119,140,PaleoDB taxon id,41,id,,,148815,,"","","","",
87933,1,1,948,Madracis kirbyi,1,Global estimate,,,201,,91120,140,PaleoDB taxon id,41,id,,,178409,,"","","","",
87934,1,1,949,Madracis mirabilis,1,Global estimate,,,201,,91121,140,PaleoDB taxon id,41,id,,,148825,,"","","","",
87935,1,1,951,Madracis pharensis,1,Global estimate,,,201,,91122,140,PaleoDB taxon id,41,id,,,178408,,"","","","",
87936,1,1,957,Madrepora kauaiensis,1,Global estimate,,,201,,91123,140,PaleoDB taxon id,41,id,,,186384,,"","","","",
87937,1,1,959,Madrepora oculata,1,Global estimate,,,201,,91124,140,PaleoDB taxon id,41,id,,,219132,,"","","","",
87938,1,1,960,Madrepora porcellana,1,Global estimate,,,201,,91125,140,PaleoDB taxon id,41,id,,,134362,,"","","","",
87939,1,1,961,Manicina areolata,1,Global estimate,,,201,,91126,140,PaleoDB taxon id,41,id,,,137912,,"","","","",
87940,1,1,964,Meandrina meandrites,1,Global estimate,,,201,,91127,140,PaleoDB taxon id,41,id,,,177347,,"","","","",
87941,1,1,965,Merulina ampliata,1,Global estimate,,,201,,91128,140,PaleoDB taxon id,41,id,,,149073,,"","","","",
87942,1,1,968,Micromussa amakusensis,1,Global estimate,,,201,,91129,140,PaleoDB taxon id,41,id,,,160122,,"","","","",
87645,1,1,9,Micromussa lordhowensis,1,Global estimate,,,201,,90832,140,PaleoDB taxon id,41,id,,,170161,,"","","","",
87945,1,1,975,Montastraea cavernosa,1,Global estimate,,,201,,91132,140,PaleoDB taxon id,41,id,,,117795,,"","","","",
87948,1,1,986,Montipora aequituberculata,1,Global estimate,,,201,,91135,140,PaleoDB taxon id,41,id,,,108272,,"","","","",
87949,1,1,987,Montipora altasepta,1,Global estimate,,,201,,91136,140,PaleoDB taxon id,41,id,,,108321,,"","","","",
87950,1,1,988,Montipora angulata,1,Global estimate,,,201,,91137,140,PaleoDB taxon id,41,id,,,108305,,"","","","",
87951,1,1,989,Montipora aspergillus,1,Global estimate,,,201,,91138,140,PaleoDB taxon id,41,id,,,108332,,"","","","",
87952,1,1,990,Montipora australiensis,1,Global estimate,,,201,,91139,140,PaleoDB taxon id,41,id,,,108320,,"","","","",
87953,1,1,991,Montipora cactus,1,Global estimate,,,201,,91140,140,PaleoDB taxon id,41,id,,,108319,,"","","","",
87954,1,1,992,Montipora calcarea,1,Global estimate,,,201,,91141,140,PaleoDB taxon id,41,id,,,108295,,"","","","",
87955,1,1,993,Montipora caliculata,1,Global estimate,,,201,,91142,140,PaleoDB taxon id,41,id,,,108306,,"","","","",
87956,1,1,994,Montipora capitata,1,Global estimate,,,201,,91143,140,PaleoDB taxon id,41,id,,,108316,,"","","","",
87957,1,1,995,Montipora capricornis,1,Global estimate,,,201,,91144,140,PaleoDB taxon id,41,id,,,108274,,"","","","",
87958,1,1,996,Montipora cebuensis,1,Global estimate,,,201,,91145,140,PaleoDB taxon id,41,id,,,108267,,"","","","",
87959,1,1,997,Montipora circumvallata,1,Global estimate,,,201,,91146,140,PaleoDB taxon id,41,id,,,108281,,"","","","",
87960,1,1,998,Montipora cocosensis,1,Global estimate,,,201,,91147,140,PaleoDB taxon id,41,id,,,108294,,"","","","",
87961,1,1,999,Montipora confusa,1,Global estimate,,,201,,91148,140,PaleoDB taxon id,41,id,,,108275,,"","","","",
87962,1,1,1000,Montipora corbettensis,1,Global estimate,,,201,,91149,140,PaleoDB taxon id,41,id,,,108291,,"","","","",
87963,1,1,1001,Montipora crassituberculata,1,Global estimate,,,201,,91150,140,PaleoDB taxon id,41,id,,,108273,,"","","","",
87964,1,1,1002,Montipora cryptus,1,Global estimate,,,201,,91151,140,PaleoDB taxon id,41,id,,,108304,,"","","","",
87965,1,1,1003,Montipora danae,1,Global estimate,,,201,,91152,140,PaleoDB taxon id,41,id,,,108314,,"","","","",
87966,1,1,1004,Montipora delicatula,1,Global estimate,,,201,,91153,140,PaleoDB taxon id,41,id,,,108268,,"","","","",
87967,1,1,1005,Montipora digitata,1,Global estimate,,,201,,91154,140,PaleoDB taxon id,41,id,,,83582,,"","","","",
87968,1,1,1006,Montipora dilatata,1,Global estimate,,,201,,91155,140,PaleoDB taxon id,41,id,,,108285,,"","","","",
87969,1,1,1007,Montipora echinata,1,Global estimate,,,201,,91156,140,PaleoDB taxon id,41,id,,,108331,,"","","","",
87970,1,1,1009,Montipora efflorescens,1,Global estimate,,,201,,91157,140,PaleoDB taxon id,41,id,,,83584,,"","","","",
87971,1,1,1010,Montipora effusa,1,Global estimate,,,201,,91158,140,PaleoDB taxon id,41,id,,,108290,,"","","","",
87972,1,1,1011,Montipora flabellata,1,Global estimate,,,201,,91159,140,PaleoDB taxon id,41,id,,,108286,,"","","","",
87973,1,1,1012,Montipora florida,1,Global estimate,,,201,,91160,140,PaleoDB taxon id,41,id,,,108271,,"","","","",
87974,1,1,1013,Montipora floweri,1,Global estimate,,,201,,91161,140,PaleoDB taxon id,41,id,,,108302,,"","","","",
87975,1,1,1014,Montipora foliosa,1,Global estimate,,,201,,91162,140,PaleoDB taxon id,41,id,,,108266,,"","","","",
87976,1,1,1015,Montipora foveolata,1,Global estimate,,,201,,91163,140,PaleoDB taxon id,41,id,,,83577,,"","","","",
87977,1,1,1016,Montipora friabilis,1,Global estimate,,,201,,91164,140,PaleoDB taxon id,41,id,,,108270,,"","","","",
87978,1,1,1017,Montipora gaimardi,1,Global estimate,,,201,,91165,140,PaleoDB taxon id,41,id,,,108317,,"","","","",
87979,1,1,1019,Montipora grisea,1,Global estimate,,,201,,91166,140,PaleoDB taxon id,41,id,,,108282,,"","","","",
87980,1,1,1020,Montipora hemispherica,1,Global estimate,,,201,,91167,140,PaleoDB taxon id,41,id,,,108318,,"","","","",
87981,1,1,1021,Montipora hirsuta,1,Global estimate,,,201,,91168,140,PaleoDB taxon id,41,id,,,108324,,"","","","",
87982,1,1,1022,Montipora hispida,1,Global estimate,,,201,,91169,140,PaleoDB taxon id,41,id,,,83580,,"","","","",
87983,1,1,1023,Montipora hodgsoni,1,Global estimate,,,201,,91170,140,PaleoDB taxon id,41,id,,,108269,,"","","","",
87984,1,1,1024,Montipora hoffmeisteri,1,Global estimate,,,201,,91171,140,PaleoDB taxon id,41,id,,,108301,,"","","","",
87985,1,1,1025,Montipora incrassata,1,Global estimate,,,201,,91172,140,PaleoDB taxon id,41,id,,,108298,,"","","","",
87986,1,1,1026,Montipora informis,1,Global estimate,,,201,,91173,140,PaleoDB taxon id,41,id,,,83578,,"","","","",
87987,1,1,1027,Montipora kellyi,1,Global estimate,,,201,,91174,140,PaleoDB taxon id,41,id,,,108328,,"","","","",
87988,1,1,1028,Montipora lobulata,1,Global estimate,,,201,,91175,140,PaleoDB taxon id,41,id,,,108283,,"","","","",
87989,1,1,1029,Montipora mactanensis,1,Global estimate,,,201,,91176,140,PaleoDB taxon id,41,id,,,108310,,"","","","",
87990,1,1,1030,Montipora malampaya,1,Global estimate,,,201,,91177,140,PaleoDB taxon id,41,id,,,108327,,"","","","",
87991,1,1,1031,Montipora meandrina,1,Global estimate,,,201,,91178,140,PaleoDB taxon id,41,id,,,108315,,"","","","",
87992,1,1,1032,Montipora millepora,1,Global estimate,,,201,,91179,140,PaleoDB taxon id,41,id,,,108303,,"","","","",
87993,1,1,1033,Montipora mollis,1,Global estimate,,,201,,91180,140,PaleoDB taxon id,41,id,,,108296,,"","","","",
87994,1,1,1034,Montipora monasteriata,1,Global estimate,,,201,,91181,140,PaleoDB taxon id,41,id,,,108278,,"","","","",
87995,1,1,1035,Montipora niugini,1,Global estimate,,,201,,91182,140,PaleoDB taxon id,41,id,,,108323,,"","","","",
87996,1,1,1036,Montipora nodosa,1,Global estimate,,,201,,91183,140,PaleoDB taxon id,41,id,,,108292,,"","","","",
87997,1,1,1037,Montipora orientalis,1,Global estimate,,,201,,91184,140,PaleoDB taxon id,41,id,,,108293,,"","","","",
87998,1,1,1038,Montipora pachytuberculata,1,Global estimate,,,201,,91185,140,PaleoDB taxon id,41,id,,,108330,,"","","","",
87999,1,1,1039,Montipora palawanensis,1,Global estimate,,,201,,91186,140,PaleoDB taxon id,41,id,,,108309,,"","","","",
88000,1,1,1041,Montipora peltiformis,1,Global estimate,,,201,,91187,140,PaleoDB taxon id,41,id,,,108287,,"","","","",
88001,1,1,1042,Montipora porites,1,Global estimate,,,201,,91188,140,PaleoDB taxon id,41,id,,,108326,,"","","","",
88002,1,1,1043,Montipora samarensis,1,Global estimate,,,201,,91189,140,PaleoDB taxon id,41,id,,,108322,,"","","","",
88003,1,1,1044,Montipora saudii,1,Global estimate,,,201,,91190,140,PaleoDB taxon id,41,id,,,108280,,"","","","",
88004,1,1,1045,Montipora setosa,1,Global estimate,,,201,,91191,140,PaleoDB taxon id,41,id,,,108312,,"","","","",
88005,1,1,1047,Montipora spongiosa,1,Global estimate,,,201,,91192,140,PaleoDB taxon id,41,id,,,108329,,"","","","",
88006,1,1,1048,Montipora spongodes,1,Global estimate,,,201,,91193,140,PaleoDB taxon id,41,id,,,108300,,"","","","",
88007,1,1,1049,Montipora spumosa,1,Global estimate,,,201,,91194,140,PaleoDB taxon id,41,id,,,108299,,"","","","",
88008,1,1,1050,Montipora stellata,1,Global estimate,,,201,,91195,140,PaleoDB taxon id,41,id,,,108325,,"","","","",
88009,1,1,1051,Montipora stilosa,1,Global estimate,,,201,,91196,140,PaleoDB taxon id,41,id,,,108288,,"","","","",
88010,1,1,1053,Montipora taiwanensis,1,Global estimate,,,201,,91197,140,PaleoDB taxon id,41,id,,,108308,,"","","","",
88011,1,1,1055,Montipora tuberculosa,1,Global estimate,,,201,,91198,140,PaleoDB taxon id,41,id,,,108279,,"","","","",
88012,1,1,1056,Montipora turgescens,1,Global estimate,,,201,,91199,140,PaleoDB taxon id,41,id,,,108297,,"","","","",
88013,1,1,1057,Montipora turtlensis,1,Global estimate,,,201,,91200,140,PaleoDB taxon id,41,id,,,108284,,"","","","",
88014,1,1,1058,Montipora undata,1,Global estimate,,,201,,91201,140,PaleoDB taxon id,41,id,,,108277,,"","","","",
88015,1,1,1060,Montipora venosa,1,Global estimate,,,201,,91202,140,PaleoDB taxon id,41,id,,,108307,,"","","","",
88016,1,1,1061,Montipora verrilli,1,Global estimate,,,201,,91203,140,PaleoDB taxon id,41,id,,,108289,,"","","","",
88017,1,1,1062,Montipora verrucosa,1,Global estimate,,,201,,91204,140,PaleoDB taxon id,41,id,,,108313,,"","","","",
88018,1,1,1063,Montipora verruculosa,1,Global estimate,,,201,,91205,140,PaleoDB taxon id,41,id,,,108311,,"","","","",
88019,1,1,1064,Montipora vietnamensis,1,Global estimate,,,201,,91206,140,PaleoDB taxon id,41,id,,,108276,,"","","","",
88020,1,1,1066,Mussa angulosa,1,Global estimate,,,201,,91207,140,PaleoDB taxon id,41,id,,,138021,,"","","","",
88021,1,1,1067,Mussismilia braziliensis,1,Global estimate,,,201,,91208,140,PaleoDB taxon id,41,id,,,178860,,"","","","",
88022,1,1,1068,Mussismilia harttii,1,Global estimate,,,201,,91209,140,PaleoDB taxon id,41,id,,,178862,,"","","","",
88023,1,1,1069,Mussismilia hispida,1,Global estimate,,,201,,91210,140,PaleoDB taxon id,41,id,,,178858,,"","","","",
88024,1,1,1070,Mycedium elephantotus,1,Global estimate,,,201,,91211,140,PaleoDB taxon id,41,id,,,149158,,"","","","",
88025,1,1,1076,Mycetophyllia aliciae,1,Global estimate,,,201,,91212,140,PaleoDB taxon id,41,id,,,151303,,"","","","",
88026,1,1,1077,Mycetophyllia danaana,1,Global estimate,,,201,,91213,140,PaleoDB taxon id,41,id,,,151304,,"","","","",
88027,1,1,1078,Mycetophyllia ferox,1,Global estimate,,,201,,91214,140,PaleoDB taxon id,41,id,,,151305,,"","","","",
88028,1,1,1079,Mycetophyllia lamarckiana,1,Global estimate,,,201,,91215,140,PaleoDB taxon id,41,id,,,138024,,"","","","",
88029,1,1,1080,Mycetophyllia reesi,1,Global estimate,,,201,,91216,140,PaleoDB taxon id,41,id,,,151306,,"","","","",
88030,1,1,1083,Notocyathus conicus,1,Global estimate,,,201,,91217,140,PaleoDB taxon id,41,id,,,146606,,"","","","",
88031,1,1,1089,Oculina diffusa,1,Global estimate,,,201,,91218,140,PaleoDB taxon id,41,id,,,137907,,"","","","",
88032,1,1,1092,Oculina robusta,1,Global estimate,,,201,,91219,140,PaleoDB taxon id,41,id,,,178423,,"","","","",
88033,1,1,1094,Oculina valenciennesi,1,Global estimate,,,201,,91220,140,PaleoDB taxon id,41,id,,,178422,,"","","","",
88034,1,1,1095,Oculina varicosa,1,Global estimate,,,201,,91221,140,PaleoDB taxon id,41,id,,,221855,,"","","","",
88035,1,1,1096,Oculina virgosa,1,Global estimate,,,201,,91222,140,PaleoDB taxon id,41,id,,,146585,,"","","","",
87943,1,1,973,Orbicella annularis,1,Global estimate,,,201,,91130,140,PaleoDB taxon id,41,id,,,117792,,"","","","",
88036,1,1,1101,Oulastrea crispata,1,Global estimate,,,201,,91223,140,PaleoDB taxon id,41,id,,,178888,,"","","","",
88037,1,1,1102,Oulophyllia bennettae,1,Global estimate,,,201,,91224,140,PaleoDB taxon id,41,id,,,177336,,"","","","",
88038,1,1,1103,Oulophyllia crispa,1,Global estimate,,,201,,91225,140,PaleoDB taxon id,41,id,,,83600,,"","","","",
88039,1,1,1108,Oxypora glabra,1,Global estimate,,,201,,91226,140,PaleoDB taxon id,41,id,,,223787,,"","","","",
88040,1,1,1109,Oxypora lacera,1,Global estimate,,,201,,91227,140,PaleoDB taxon id,41,id,,,178824,,"","","","",
88041,1,1,1117,Pachyseris rugosa,1,Global estimate,,,201,,91228,140,PaleoDB taxon id,41,id,,,149174,,"","","","",
88042,1,1,1118,Pachyseris speciosa,1,Global estimate,,,201,,91229,140,PaleoDB taxon id,41,id,,,149176,,"","","","",
88043,1,1,1119,Palauastrea ramosa,1,Global estimate,,,201,,91230,140,PaleoDB taxon id,41,id,,,223764,,"","","","",
88044,1,1,1143,Paracyathus stearnsii,1,Global estimate,,,201,,91231,140,PaleoDB taxon id,41,id,,,212323,,"","","","",
87865,1,1,795,Paragoniastrea australensis,1,Global estimate,,,201,,91052,140,PaleoDB taxon id,41,id,,,177437,,"","","","",
87870,1,1,680,Paramontastraea peresi,1,Global estimate,,,201,,91057,140,PaleoDB taxon id,41,id,,,177337,,"","","","",
87738,1,1,283,Parascolymia rowleyensis,1,Global estimate,,,201,,90925,140,PaleoDB taxon id,41,id,,,178870,,"","","","",
88118,1,1,1384,Parascolymia vitiensis,1,Global estimate,,,201,,91305,140,PaleoDB taxon id,41,id,,,178867,,"","","","",
88046,1,1,1148,Pavona bipartita,1,Global estimate,,,201,,91233,140,PaleoDB taxon id,41,id,,,178801,,"","","","",
88047,1,1,1149,Pavona cactus,1,Global estimate,,,201,,91234,140,PaleoDB taxon id,41,id,,,149166,,"","","","",
88048,1,1,1151,Pavona clavus,1,Global estimate,,,201,,91235,140,PaleoDB taxon id,41,id,,,178802,,"","","","",
88049,1,1,1152,Pavona danai,1,Global estimate,,,201,,91236,140,PaleoDB taxon id,41,id,,,177348,,"","","","",
88050,1,1,1153,Pavona decussata,1,Global estimate,,,201,,91237,140,PaleoDB taxon id,41,id,,,178799,,"","","","",
88051,1,1,1156,Pavona duerdeni,1,Global estimate,,,201,,91238,140,PaleoDB taxon id,41,id,,,178803,,"","","","",
88052,1,1,1157,Pavona explanulata,1,Global estimate,,,201,,91239,140,PaleoDB taxon id,41,id,,,177350,,"","","","",
88053,1,1,1158,Pavona frondifera,1,Global estimate,,,201,,91240,140,PaleoDB taxon id,41,id,,,178794,,"","","","",
88054,1,1,1159,Pavona gigantea,1,Global estimate,,,201,,91241,140,PaleoDB taxon id,41,id,,,178795,,"","","","",
88055,1,1,1161,Pavona maldivensis,1,Global estimate,,,201,,91242,140,PaleoDB taxon id,41,id,,,149168,,"","","","",
88056,1,1,1162,Pavona minuta,1,Global estimate,,,201,,91243,140,PaleoDB taxon id,41,id,,,178800,,"","","","",
88057,1,1,1163,Pavona varians,1,Global estimate,,,201,,91244,140,PaleoDB taxon id,41,id,,,148877,,"","","","",
88058,1,1,1164,Pavona venosa,1,Global estimate,,,201,,91245,140,PaleoDB taxon id,41,id,,,178798,,"","","","",
88060,1,1,1171,Pectinia lactuca,1,Global estimate,,,201,,91247,140,PaleoDB taxon id,41,id,,,178826,,"","","","",
88061,1,1,1178,Peponocyathus folliculus,1,Global estimate,,,201,,91248,140,PaleoDB taxon id,41,id,,,212658,,"","","","",
88062,1,1,1179,Peponocyathus minimus,1,Global estimate,,,201,,91249,140,PaleoDB taxon id,41,id,,,157778,,"","","","",
87733,1,1,241,Petrophyllia rediviva,1,Global estimate,,,201,,90920,140,PaleoDB taxon id,41,id,,,160131,,"","","","",
88059,1,1,1168,Physophyllia ayleni,1,Global estimate,,,201,,91246,140,PaleoDB taxon id,41,id,,,178828,,"","","","",
88063,1,1,1197,Platygyra contorta,1,Global estimate,,,201,,91250,140,PaleoDB taxon id,41,id,,,170165,,"","","","",
88064,1,1,1198,Platygyra crosslandi,1,Global estimate,,,201,,91251,140,PaleoDB taxon id,41,id,,,185622,,"","","","",
88065,1,1,1199,Platygyra daedalea,1,Global estimate,,,201,,91252,140,PaleoDB taxon id,41,id,,,83596,,"","","","",
88066,1,1,1200,Platygyra lamellina,1,Global estimate,,,201,,91253,140,PaleoDB taxon id,41,id,,,149057,,"","","","",
88067,1,1,1201,Platygyra pini,1,Global estimate,,,201,,91254,140,PaleoDB taxon id,41,id,,,170164,,"","","","",
88068,1,1,1202,Platygyra ryukyuensis,1,Global estimate,,,201,,91255,140,PaleoDB taxon id,41,id,,,149067,,"","","","",
88069,1,1,1203,Platygyra sinensis,1,Global estimate,,,201,,91256,140,PaleoDB taxon id,41,id,,,83597,,"","","","",
88070,1,1,1207,Platytrochus hastatus,1,Global estimate,,,201,,91257,140,PaleoDB taxon id,41,id,,,156928,,"","","","",
88071,1,1,1218,Plerogyra sinuosa,1,Global estimate,,,201,,91258,140,PaleoDB taxon id,41,id,,,149015,,"","","","",
88072,1,1,1221,Plesiastrea versipora,1,Global estimate,,,201,,91259,140,PaleoDB taxon id,41,id,,,148881,,"","","","",
87845,1,1,741,Pleuractis granulosa,1,Global estimate,,,201,,91032,140,PaleoDB taxon id,41,id,,,178817,,"","","","",
87848,1,1,746,Pleuractis moluccensis,1,Global estimate,,,201,,91035,140,PaleoDB taxon id,41,id,,,205169,,"","","","",
87849,1,1,747,Pleuractis paumotensis,1,Global estimate,,,201,,91036,140,PaleoDB taxon id,41,id,,,149178,,"","","","",
88073,1,1,1223,Pocillopora capitata,1,Global estimate,,,201,,91260,140,PaleoDB taxon id,41,id,,,204878,,"","","","",
88074,1,1,1224,Pocillopora damicornis,1,Global estimate,,,201,,91261,140,PaleoDB taxon id,41,id,,,83561,,"","","","",
88075,1,1,1227,Pocillopora elegans,1,Global estimate,,,201,,91262,140,PaleoDB taxon id,41,id,,,150263,,"","","","",
88076,1,1,1228,Pocillopora eydouxi,1,Global estimate,,,201,,91263,140,PaleoDB taxon id,41,id,,,83566,,"","","","",
88077,1,1,1233,Pocillopora ligulata,1,Global estimate,,,201,,91264,140,PaleoDB taxon id,41,id,,,149010,,"","","","",
88078,1,1,1237,Pocillopora verrucosa,1,Global estimate,,,201,,91265,140,PaleoDB taxon id,41,id,,,83568,,"","","","",
88079,1,1,1238,Pocillopora woodjonesi,1,Global estimate,,,201,,91266,140,PaleoDB taxon id,41,id,,,178412,,"","","","",
88080,1,1,1268,Porites arnaudi,1,Global estimate,,,201,,91267,140,PaleoDB taxon id,41,id,,,223770,,"","","","",
88081,1,1,1269,Porites astreoides,1,Global estimate,,,201,,91268,140,PaleoDB taxon id,41,id,,,138017,,"","","","",
88082,1,1,1271,Porites australiensis,1,Global estimate,,,201,,91269,140,PaleoDB taxon id,41,id,,,148941,,"","","","",
88083,1,1,1273,Porites bernardi,1,Global estimate,,,201,,91270,140,PaleoDB taxon id,41,id,,,182789,,"","","","",
88084,1,1,1274,Porites branneri,1,Global estimate,,,201,,91271,140,PaleoDB taxon id,41,id,,,151374,,"","","","",
88085,1,1,1277,Porites colonensis,1,Global estimate,,,201,,91272,140,PaleoDB taxon id,41,id,,,151376,,"","","","",
88086,1,1,1278,Porites columnaris,1,Global estimate,,,201,,91273,140,PaleoDB taxon id,41,id,,,178898,,"","","","",
88087,1,1,1279,Porites compressa,1,Global estimate,,,201,,91274,140,PaleoDB taxon id,41,id,,,178901,,"","","","",
88088,1,1,1281,Porites cylindrica,1,Global estimate,,,201,,91275,140,PaleoDB taxon id,41,id,,,150336,,"","","","",
88089,1,1,1286,Porites divaricata,1,Global estimate,,,201,,91276,140,PaleoDB taxon id,41,id,,,137903,,"","","","",
88090,1,1,1291,Porites evermanni,1,Global estimate,,,201,,91277,140,PaleoDB taxon id,41,id,,,223771,,"","","","",
88091,1,1,1294,Porites furcata,1,Global estimate,,,201,,91278,140,PaleoDB taxon id,41,id,,,137904,,"","","","",
88092,1,1,1297,Porites hawaiiensis,1,Global estimate,,,201,,91279,140,PaleoDB taxon id,41,id,,,177446,,"","","","",
88093,1,1,1298,Porites heronensis,1,Global estimate,,,201,,91280,140,PaleoDB taxon id,41,id,,,170156,,"","","","",
88094,1,1,1302,Porites lichen,1,Global estimate,,,201,,91281,140,PaleoDB taxon id,41,id,,,150335,,"","","","",
88095,1,1,1303,Porites lobata,1,Global estimate,,,201,,91282,140,PaleoDB taxon id,41,id,,,150333,,"","","","",
88096,1,1,1304,Porites lutea,1,Global estimate,,,201,,91283,140,PaleoDB taxon id,41,id,,,178897,,"","","","",
88097,1,1,1307,Porites murrayensis,1,Global estimate,,,201,,91284,140,PaleoDB taxon id,41,id,,,150334,,"","","","",
88098,1,1,1311,Porites nigrescens,1,Global estimate,,,201,,91285,140,PaleoDB taxon id,41,id,,,150337,,"","","","",
88099,1,1,1312,Porites nodifera,1,Global estimate,,,201,,91286,140,PaleoDB taxon id,41,id,,,185620,,"","","","",
88100,1,1,1315,Porites panamensis,1,Global estimate,,,201,,91287,140,PaleoDB taxon id,41,id,,,139344,,"","","","",
88101,1,1,1315,Porites panamensis,1,Global estimate,,,201,,91288,140,PaleoDB taxon id,41,id,,,177662,,"","","","",
88102,1,1,1316,Porites porites,1,Global estimate,,,201,,91289,140,PaleoDB taxon id,41,id,,,137906,,"","","","",
88103,1,1,1320,Porites rus,1,Global estimate,,,201,,91290,140,PaleoDB taxon id,41,id,,,178900,,"","","","",
88104,1,1,1322,Porites solida,1,Global estimate,,,201,,91291,140,PaleoDB taxon id,41,id,,,150332,,"","","","",
88105,1,1,1326,Porites sverdrupi,1,Global estimate,,,201,,91292,140,PaleoDB taxon id,41,id,,,177665,,"","","","",
88106,1,1,1330,Pourtalocyathus hispidus,1,Global estimate,,,201,,91293,140,PaleoDB taxon id,41,id,,,162198,,"","","","",
88108,1,1,1337,Psammocora contigua,1,Global estimate,,,201,,91295,140,PaleoDB taxon id,41,id,,,178435,,"","","","",
88109,1,1,1344,Psammocora profundacella,1,Global estimate,,,201,,91296,140,PaleoDB taxon id,41,id,,,149170,,"","","","",
88110,1,1,1346,Psammocora stellata,1,Global estimate,,,201,,91297,140,PaleoDB taxon id,41,id,,,178439,,"","","","",
88111,1,1,1347,Psammocora superficialis,1,Global estimate,,,201,,91298,140,PaleoDB taxon id,41,id,,,149171,,"","","","",
87796,1,1,588,Pseudodiploria clivosa,1,Global estimate,,,201,,90983,140,PaleoDB taxon id,41,id,,,137925,,"","","","",
87798,1,1,590,Pseudodiploria strigosa,1,Global estimate,,,201,,90985,140,PaleoDB taxon id,41,id,,,137928,,"","","","",
88112,1,1,1370,Rhizotrochus tuberculatus,1,Global estimate,,,201,,91299,140,PaleoDB taxon id,41,id,,,123417,,"","","","",
88113,1,1,1376,Sandalolitha robusta,1,Global estimate,,,201,,91300,140,PaleoDB taxon id,41,id,,,177672,,"","","","",
88114,1,1,1378,Schizoculina africana,1,Global estimate,,,201,,91301,140,PaleoDB taxon id,41,id,,,158116,,"","","","",
88115,1,1,1380,Schizocyathus fissilis,1,Global estimate,,,201,,91302,140,PaleoDB taxon id,41,id,,,156246,,"","","","",
88117,1,1,1382,Scolymia cubensis,1,Global estimate,,,201,,91304,140,PaleoDB taxon id,41,id,,,178866,,"","","","",
88119,1,1,1387,Seriatopora caliendrum,1,Global estimate,,,201,,91306,140,PaleoDB taxon id,41,id,,,149009,,"","","","",
88120,1,1,1390,Seriatopora hystrix,1,Global estimate,,,201,,91307,140,PaleoDB taxon id,41,id,,,62226,,"","","","",
88121,1,1,1393,Siderastrea radians,1,Global estimate,,,201,,91308,140,PaleoDB taxon id,41,id,,,128847,,"","","","",
88122,1,1,1394,Siderastrea savignyana,1,Global estimate,,,201,,91309,140,PaleoDB taxon id,41,id,,,178432,,"","","","",
88123,1,1,1395,Siderastrea siderea,1,Global estimate,,,201,,91310,140,PaleoDB taxon id,41,id,,,138005,,"","","","",
88124,1,1,1396,Siderastrea stellata,1,Global estimate,,,201,,91311,140,PaleoDB taxon id,41,id,,,178433,,"","","","",
88125,1,1,1398,Solenastrea bournoni,1,Global estimate,,,201,,91312,140,PaleoDB taxon id,41,id,,,137895,,"","","","",
88126,1,1,1399,Solenastrea hyades,1,Global estimate,,,201,,91313,140,PaleoDB taxon id,41,id,,,137897,,"","","","",
88127,1,1,1400,Solenosmilia variabilis,1,Global estimate,,,201,,91314,140,PaleoDB taxon id,41,id,,,210151,,"","","","",
88128,1,1,1406,Sphenotrochus gardineri,1,Global estimate,,,201,,91315,140,PaleoDB taxon id,41,id,,,157601,,"","","","",
88129,1,1,1412,Stenocyathus vermiformis,1,Global estimate,,,201,,91316,140,PaleoDB taxon id,41,id,,,219142,,"","","","",
88130,1,1,1414,Stephanocoenia intersepta,1,Global estimate,,,201,,91317,140,PaleoDB taxon id,41,id,,,148836,,"","","","",
88131,1,1,1429,Stephanophyllia fungulus,1,Global estimate,,,201,,91318,140,PaleoDB taxon id,41,id,,,157750,,"","","","",
88132,1,1,1432,Stylocoeniella armata,1,Global estimate,,,201,,91319,140,PaleoDB taxon id,41,id,,,83586,,"","","","",
88133,1,1,1434,Stylocoeniella guentheri,1,Global estimate,,,201,,91320,140,PaleoDB taxon id,41,id,,,83585,,"","","","",
88134,1,1,1437,Stylophora kuehlmanni,1,Global estimate,,,201,,91321,140,PaleoDB taxon id,41,id,,,205173,,"","","","",
88135,1,1,1440,Stylophora mordax,1,Global estimate,,,201,,91322,140,PaleoDB taxon id,41,id,,,177444,,"","","","",
88136,1,1,1441,Stylophora pistillata,1,Global estimate,,,201,,91323,140,PaleoDB taxon id,41,id,,,83571,,"","","","",
88137,1,1,1444,Symphyllia agaricia,1,Global estimate,,,201,,91324,140,PaleoDB taxon id,41,id,,,178864,,"","","","",
88138,1,1,1445,Symphyllia erythraea,1,Global estimate,,,201,,91325,140,PaleoDB taxon id,41,id,,,177353,,"","","","",
88139,1,1,1447,Symphyllia radians,1,Global estimate,,,201,,91326,140,PaleoDB taxon id,41,id,,,149150,,"","","","",
88140,1,1,1448,Symphyllia recta,1,Global estimate,,,201,,91327,140,PaleoDB taxon id,41,id,,,149149,,"","","","",
88141,1,1,1449,Symphyllia valenciennesii,1,Global estimate,,,201,,91328,140,PaleoDB taxon id,41,id,,,177354,,"","","","",
88142,1,1,1465,Trachyphyllia geoffroyi,1,Global estimate,,,201,,91329,140,PaleoDB taxon id,41,id,,,178896,,"","","","",
88143,1,1,1540,Turbinaria crater,1,Global estimate,,,201,,91330,140,PaleoDB taxon id,41,id,,,150176,,"","","","",
88144,1,1,1541,Turbinaria frondens,1,Global estimate,,,201,,91331,140,PaleoDB taxon id,41,id,,,178831,,"","","","",
88145,1,1,1544,Turbinaria mesenterina,1,Global estimate,,,201,,91332,140,PaleoDB taxon id,41,id,,,150178,,"","","","",
88147,1,1,1547,Turbinaria radicalis,1,Global estimate,,,201,,91334,140,PaleoDB taxon id,41,id,,,178832,,"","","","",
88148,1,1,1548,Turbinaria reniformis,1,Global estimate,,,201,,91335,140,PaleoDB taxon id,41,id,,,150181,,"","","","",
88149,1,1,1549,Turbinaria stellulata,1,Global estimate,,,201,,91336,140,PaleoDB taxon id,41,id,,,150183,,"","","","",
88150,1,1,1555,Zoopilus echinatus,1,Global estimate,,,201,,91337,140,PaleoDB taxon id,41,id,,,178819,,"","","","",
